company,title,location,url,job_family,match_score,opportunity,first_seen,last_seen,closed_at,status,applied,applied_at,application_status,response,notes
Sopra Steria,Data Analyst,Brussels,https://careers.soprasteria.be/job/data-analyst-in-brussels-flanders-belgium-jid-7594,Data Analyst,95,APPLY,2026-10-01T10:06:48+00:00,2026-10-02T08:58:07+00:00,,ACTIVE,0,,,,
Capgemini,BI Engineer/Data Analyst (Experienced Junior),Diegem,https://careers.capgemini.com/job/Diegem-Junior-BI-EngineerData-Analyst/1431392133,Data Analyst,95,APPLY,2026-10-02T08:58:07+00:00,2026-10-02T08:58:07+00:00,,ACTIVE,0,,,,
Smals,BI Developer,Brussels,https://www.smals.be/nl/jobs/apply/7281/bi-developer,BI / Power BI,94,APPLY,2026-10-01T10:06:48+00:00,2026-10-02T08:58:07+00:00,,ACTIVE,0,,,,
Pauwels Consulting,Data Analist,Bruges,https://www.pauwelsconsulting.com/job/5f42d6f8-2049-4e35-b64a-67eb7a2af001/data-analist,Data Analyst,81,APPLY,2026-10-01T10:06:48+00:00,2026-10-02T08:58:07+00:00,,ACTIVE,0,,,,
Smals,Data Engineer Health Sector,Brussels,https://www.smals.be/nl/jobs/apply/7050/data-engineer-health-sector,Data Engineering (stretch),81,APPLY,2026-10-01T10:06:48+00:00,2026-10-02T08:58:07+00:00,,ACTIVE,0,,,,
Data Wizards,Data Analyst,Machelen,https://jobs.datawizards.io/o/data-analyst,Data Analyst,81,APPLY,2026-10-01T10:06:48+00:00,2026-10-02T08:58:07+00:00,,ACTIVE,0,,,,
Sopra Steria,Power BI Consultant,Brussels,https://careers.soprasteria.be/job/power-bi-consultant-in-vlaanderen-brussel-belgium-jid-8563,Data / Analytics Consulting,81,APPLY,2026-10-01T10:06:48+00:00,2026-10-02T08:58:07+00:00,,ACTIVE,0,,,,
LACO,Medior Databricks Data Engineer,Diegem,https://www.laco.be/medior-data-engineer-databricks,Data Engineering (stretch),80,APPLY,2026-10-01T10:06:48+00:00,2026-10-02T08:58:07+00:00,,ACTIVE,0,,,,
Sopra Steria,Power BI Consultant,Brussels,https://careers.soprasteria.be/job/power-bi-consultant-in-flanders-brussels-belgium-jid-8561,Data / Analytics Consulting,79,APPLY,2026-10-01T10:06:48+00:00,2026-10-02T08:58:07+00:00,,ACTIVE,0,,,,
Capgemini,Power BI and Analytics Consultant,Diegem,https://careers.capgemini.com/job/Diegem-Power-BI-and-Analytics-Consultant/1392805533,Data / Analytics Consulting,79,APPLY,2026-10-02T08:58:07+00:00,2026-10-02T08:58:07+00:00,,ACTIVE,0,,,,
Datashift,Junior Data Governance Consultant,Mechelen,https://careers.datashift.eu/o/data-governance-consultant-2-3,Data Governance / Quality,76,APPLY,2026-10-01T10:06:48+00:00,2026-10-02T08:58:07+00:00,,ACTIVE,0,,,,
LACO,Medior Fabric Data Engineer,Diegem,https://www.laco.be/medior-fabric-data-engineer,Data Engineering (stretch),76,APPLY,2026-10-01T10:06:48+00:00,2026-10-02T08:58:07+00:00,,ACTIVE,0,,,,
Smals,Senior Data Analyst,Brussels,https://www.smals.be/nl/jobs/apply/7008/senior-data-analyst,Data Analyst,74,STRETCH,2026-10-01T10:06:48+00:00,2026-10-02T08:58:07+00:00,,ACTIVE,0,,,,
Pauwels Consulting,Senior Data Analist W-VL,Bruges,https://www.pauwelsconsulting.com/job/6e6feb2f-1897-496a-bfeb-020352d31ac5/senior-data-analist-w-vl,Data Analyst,73,STRETCH,2026-10-01T10:06:48+00:00,2026-10-02T08:58:07+00:00,,ACTIVE,0,,,,
Pauwels Consulting,Senior Functional Data Analyst – Business Intelligence & Strategy,Bruges,https://www.pauwelsconsulting.com/job/8c5110d4-213c-11f1-b591-ff07a0f56941/senior-functional-data-analyst-business-intelligence-strategy,Data Analyst,71,STRETCH,2026-10-01T10:06:48+00:00,2026-10-02T08:58:07+00:00,,ACTIVE,0,,,,
Pauwels Consulting,Data Engineer – Azure Databricks & Power BI,Brussels,https://www.pauwelsconsulting.com/job/cc17f358-e3c6-4d31-a961-e556b4da70c1/data-engineer-azure-databricks-power-bi,Data Engineering (stretch),70,CONSIDER,2026-10-01T10:06:48+00:00,2026-10-02T08:58:07+00:00,,ACTIVE,0,,,,
Pauwels Consulting,Corporate Data Analist,Bruges,https://www.pauwelsconsulting.com/job/afb3033b-4bed-42aa-9846-f258dd28856a/corporate-data-analist,Data Analyst,69,CONSIDER,2026-10-01T10:06:48+00:00,2026-10-02T08:58:07+00:00,,ACTIVE,0,,,,
Datashift,Junior Data Engineer - start in September 2027,Mechelen,https://careers.datashift.eu/o/junior-data-engineer-start-in-september-2027,Data Engineering (stretch),69,CONSIDER,2026-10-01T10:06:48+00:00,2026-10-02T08:58:07+00:00,,ACTIVE,0,,,,
Datashift,Data Quality Consultant,Mechelen,https://careers.datashift.eu/o/data-quality-consultant,Data Governance / Quality,67,CONSIDER,2026-10-01T10:06:48+00:00,2026-10-02T08:58:07+00:00,,ACTIVE,0,,,,
Sopra Steria,Senior Power BI Consultant,Brussels,https://careers.soprasteria.be/job/senior-power-bi-consultant-in-flanders-brussels-belgium-jid-1594,Data / Analytics Consulting,66,STRETCH,2026-10-01T10:06:48+00:00,2026-10-02T08:58:07+00:00,,ACTIVE,0,,,,
Datashift,Power BI Consultant,Mechelen,https://careers.datashift.eu/o/power-bi-consultant,Data / Analytics Consulting,66,CONSIDER,2026-10-01T10:06:48+00:00,2026-10-02T08:58:07+00:00,,ACTIVE,0,,,,
Smals,Data Functional Analyst,Brussels,https://www.smals.be/nl/jobs/apply/6943/data-functional-analyst,Functional / Business Data Analysis,64,CONSIDER,2026-10-01T10:06:48+00:00,2026-10-02T08:58:07+00:00,,ACTIVE,0,,,,
Datashift,Data Governance Engineer,Mechelen,https://careers.datashift.eu/o/data-governance-engineer,Data Governance / Quality,64,CONSIDER,2026-10-01T10:06:48+00:00,2026-10-02T08:58:07+00:00,,ACTIVE,0,,,,
Datashift,Data Quality Analyst,Mechelen,https://careers.datashift.eu/o/data-quality-analyst,Data Governance / Quality,63,CONSIDER,2026-10-01T10:06:48+00:00,2026-10-02T08:58:07+00:00,,ACTIVE,0,,,,
Datashift,Data Governance Consultant,Mechelen,https://careers.datashift.eu/o/data-governance-consultant,Data Governance / Quality,59,STRETCH,2026-10-01T10:06:48+00:00,2026-10-02T08:58:07+00:00,,ACTIVE,0,,,,
Cegeka,Data Engineer MS Fabric - Data & AI,"At customer site, BE / Flexible, BE",https://www.cegeka.com/en/be/jobs/all-jobs/data-engineer-ms-fabric-data-ai-7308,Data Engineering (stretch),58,STRETCH,2026-10-01T10:06:48+00:00,2026-10-02T08:58:07+00:00,,ACTIVE,0,,,,
Cegeka,Data Engineer - Data & AI,"At customer site, BE / Flexible, BE",https://www.cegeka.com/nl-be/jobs/vacatures/data-engineer-data-ai-6534,Data Engineering (stretch),58,STRETCH,2026-10-01T10:06:48+00:00,2026-10-02T08:58:07+00:00,,ACTIVE,0,,,,
Cegeka,Data Engineer - Data & AI,"At customer site, BE / Flexible, BE",https://www.cegeka.com/en/be/jobs/all-jobs/data-engineer-data-ai-6536,Data Engineering (stretch),58,STRETCH,2026-10-01T10:06:48+00:00,2026-10-02T08:58:07+00:00,,ACTIVE,0,,,,
Keyrus,"Microsoft BI, Azure and PowerBI Consultant","1853, Grimbergen, BE",https://jobs.keyrus.be/jobs/907211-microsoft-bi-azure-and-powerbi-consultant,Data / Analytics Consulting,58,STRETCH,2026-10-01T10:06:48+00:00,2026-10-02T08:58:07+00:00,,ACTIVE,0,,,,
Pauwels Consulting,Data & BI Consultant – SAP BW & Databricks,Melle,https://www.pauwelsconsulting.com/job/dcaa0d90-9f54-47f7-bab4-716c1a65dde1/data-bi-consultant-sap-bw-databricks,Data / Analytics Consulting,58,STRETCH,2026-10-01T10:06:48+00:00,2026-10-02T08:58:07+00:00,,ACTIVE,0,,,,
Data Wizards,Data Engineer,Machelen,https://jobs.datawizards.io/o/data-engineer,Data Engineering (stretch),58,STRETCH,2026-10-01T10:06:48+00:00,2026-10-02T08:58:07+00:00,,ACTIVE,0,,,,
Cegeka,Data Engineer MS Fabric - Data & AI,"At customer site, BE / Flexible, BE",https://www.cegeka.com/nl-be/jobs/vacatures/data-engineer-ms-fabric-data-ai-7307,Data Engineering (stretch),58,STRETCH,2026-10-01T10:06:48+00:00,2026-10-02T08:58:07+00:00,,ACTIVE,0,,,,
Cegeka,Data Governance Lead - Data & AI,"At customer site, BE / Flexible, BE",https://www.cegeka.com/nl-be/jobs/vacatures/data-governance-lead-data-ai-7895,Data Governance / Quality,57,STRETCH,2026-10-01T10:06:48+00:00,2026-10-02T08:58:07+00:00,,ACTIVE,0,,,,
Cegeka,Data Governance Lead - Data & AI,"At customer site, BE / Flexible, BE",https://www.cegeka.com/en/be/jobs/all-jobs/data-governance-lead-data-ai-7896,Data Governance / Quality,57,STRETCH,2026-10-01T10:06:48+00:00,2026-10-02T08:58:07+00:00,,ACTIVE,0,,,,
Sopra Steria,Senior Power BI Consultant,Brussels,https://careers.soprasteria.be/job/senior-power-bi-consultant-in-vlaanderen-brussel-belgium-jid-5276,Data / Analytics Consulting,56,STRETCH,2026-10-01T10:06:48+00:00,2026-10-02T08:58:07+00:00,,ACTIVE,0,,,,
Datashift,Senior Functional Data Analyst,Mechelen,https://careers.datashift.eu/o/data-product-analyst-2,Data Analyst,56,STRETCH,2026-10-01T10:06:48+00:00,2026-10-02T08:58:07+00:00,,ACTIVE,0,,,,
LACO,Senior Databricks Data Engineer,Diegem,https://www.laco.be/senior-databricks-data-engineer,Data Engineering (stretch),56,STRETCH,2026-10-01T10:06:48+00:00,2026-10-02T08:58:07+00:00,,ACTIVE,0,,,,
Keyrus,Data Governance Consultant,"1853, Grimbergen, BE",https://jobs.keyrus.be/jobs/2441795-data-governance-consultant,Data Governance / Quality,52,STRETCH,2026-10-01T10:06:48+00:00,2026-10-02T08:58:07+00:00,,ACTIVE,0,,,,
Keyrus,Data Engineer,"1853, Grimbergen, BE",https://jobs.keyrus.be/jobs/1737821-data-engineer,Data Engineering (stretch),51,STRETCH,2026-10-01T10:06:48+00:00,2026-10-02T08:58:07+00:00,,ACTIVE,0,,,,
Smals,Data Quality Expert,Brussels,https://www.smals.be/nl/jobs/apply/7282/data-quality-expert,Data Governance / Quality,51,STRETCH,2026-10-01T10:06:48+00:00,2026-10-02T08:58:07+00:00,,ACTIVE,0,,,,
Datashift,Data Engineer,Mechelen,https://careers.datashift.eu/o/data-engineer-2,Data Engineering (stretch),49,STRETCH,2026-10-01T10:06:48+00:00,2026-10-02T08:58:07+00:00,,ACTIVE,0,,,,
Smals,Data Governance Manager,Brussels,https://www.smals.be/nl/jobs/apply/7066/data-governance-manager,Data Governance / Quality,43,STRETCH,2026-10-01T10:06:48+00:00,2026-10-02T08:58:07+00:00,,ACTIVE,0,,,,
Capgemini,BI Engineer/Data Analyst (Experienced Junior),Diegem,https://careers.capgemini.com/job/Diegem-BI-EngineerData-Analyst/1431392133,Data Analyst,95,APPLY,2026-10-01T11:13:30+00:00,2026-10-02T08:58:07+00:00,2026-10-02T08:58:07+00:00,CLOSED,0,,,,
Capgemini,BI Engineer/Data Analyst (Experienced Junior),Diegem,https://careers.capgemini.com/job/Diegem-BI-EngineerData-Analyst-%28Experienced-Junior%29/1431392133,Data Analyst,95,APPLY,2026-10-01T10:06:48+00:00,2026-10-01T11:13:30+00:00,2026-10-01T11:13:30+00:00,CLOSED,0,,,,
Pauwels Consulting,Data Engineer – OT & Linux,Melle,https://www.pauwelsconsulting.com/job/6b9d9f6a-7486-4c16-b79e-863d1a3d2dea/data-engineer-ot-linux,Data Engineering (stretch),59,STRETCH,2026-10-01T10:06:48+00:00,2026-10-02T08:58:07+00:00,2026-10-02T08:58:07+00:00,CLOSED,0,,,,
